Run,Assay Type,AvgSpotLen,Bases,BioProject,BioSample,BioSampleModel,Bytes,Center Name,Collection_Date,Consent,DATASTORE filetype,DATASTORE provider,DATASTORE region,env_biome,Experiment,geo_loc_name_country,geo_loc_name_country_continent,geo_loc_name,Host,Instrument,isolate,Library Name,LibraryLayout,LibrarySelection,LibrarySource,Organism,Platform,ReleaseDate,Sample Name,sample_type,sponge_individual,SRA Study,temperature,tissue,treatment
SRR6049261,AMPLICON,567,13436298,PRJNA407695,SAMN07661222,Invertebrate,6817638,JAMES COOK UNIVERSITY,2015,public,"fastq,sra","gs,ncbi,s3","gs.US,ncbi.public,s3.us-east-1",coral reef,SRX3196353,Australia,Oceania,Australia: Townsville,NA,Illumina MiSeq,bacterial community,N2,PAIRED,PCR,GENOMIC,Cliona orientalis,ILLUMINA,2018-02-03T00:00:00Z,Cliona orientalis microbiome 23-32C,Tissue sample,N,SRP117965,32,sponge,Elevated
SRR6049262,AMPLICON,530,11040930,PRJNA407695,SAMN07661222,Invertebrate,5388347,JAMES COOK UNIVERSITY,2015,public,"fastq,sra","gs,ncbi,s3","gs.US,ncbi.public,s3.us-east-1",coral reef,SRX3196352,Australia,Oceania,Australia: Townsville,NA,Illumina MiSeq,bacterial community,N18,PAIRED,PCR,GENOMIC,Cliona orientalis,ILLUMINA,2018-02-03T00:00:00Z,Cliona orientalis microbiome 23-32C,Tissue sample,N,SRP117965,25,sponge,Elevated
SRR6049263,AMPLICON,577,17666243,PRJNA407695,SAMN07661222,Invertebrate,9355423,JAMES COOK UNIVERSITY,2015,public,"fastq,sra","gs,ncbi,s3","gs.US,ncbi.public,s3.us-east-1",coral reef,SRX3196351,Australia,Oceania,Australia: Townsville,NA,Illumina MiSeq,bacterial community,N4,PAIRED,PCR,GENOMIC,Cliona orientalis,ILLUMINA,2018-02-03T00:00:00Z,Cliona orientalis microbiome 23-32C,Tissue sample,N,SRP117965,31,sponge,Control
SRR6049264,AMPLICON,532,15407379,PRJNA407695,SAMN07661222,Invertebrate,7627912,JAMES COOK UNIVERSITY,2015,public,"fastq,sra","gs,ncbi,s3","gs.US,ncbi.public,s3.us-east-1",coral reef,SRX3196350,Australia,Oceania,Australia: Townsville,NA,Illumina MiSeq,bacterial community,N3,PAIRED,PCR,GENOMIC,Cliona orientalis,ILLUMINA,2018-02-03T00:00:00Z,Cliona orientalis microbiome 23-32C,Tissue sample,N,SRP117965,23,sponge,Elevated
SRR6049265,AMPLICON,528,15441214,PRJNA407695,SAMN07661222,Invertebrate,7578272,JAMES COOK UNIVERSITY,2015,public,"fastq,sra","gs,ncbi,s3","gs.US,ncbi.public,s3.us-east-1",coral reef,SRX3196349,Australia,Oceania,Australia: Townsville,NA,Illumina MiSeq,bacterial community,N8,PAIRED,PCR,GENOMIC,Cliona orientalis,ILLUMINA,2018-02-03T00:00:00Z,Cliona orientalis microbiome 23-32C,Tissue sample,N,SRP117965,29,sponge,Control
SRR6049266,AMPLICON,576,54638920,PRJNA407695,SAMN07661222,Invertebrate,28357148,JAMES COOK UNIVERSITY,2015,public,"fastq,sra","gs,ncbi,s3","gs.US,ncbi.public,s3.us-east-1",coral reef,SRX3196348,Australia,Oceania,Australia: Townsville,NA,Illumina MiSeq,bacterial community,N5,PAIRED,PCR,GENOMIC,Cliona orientalis,ILLUMINA,2018-02-03T00:00:00Z,Cliona orientalis microbiome 23-32C,Tissue sample,N,SRP117965,27,sponge,Elevated
SRR6049267,AMPLICON,560,17890523,PRJNA407695,SAMN07661222,Invertebrate,9082494,JAMES COOK UNIVERSITY,2015,public,"fastq,sra","gs,ncbi,s3","gs.US,ncbi.public,s3.us-east-1",coral reef,SRX3196347,Australia,Oceania,Australia: Townsville,NA,Illumina MiSeq,bacterial community,B7,PAIRED,PCR,GENOMIC,Cliona orientalis,ILLUMINA,2018-02-03T00:00:00Z,Cliona orientalis microbiome 23-32C,Tissue sample,B,SRP117965,29,sponge,Elevated
SRR6049268,AMPLICON,555,13194003,PRJNA407695,SAMN07661222,Invertebrate,6749886,JAMES COOK UNIVERSITY,2015,public,"fastq,sra","gs,ncbi,s3","gs.US,ncbi.public,s3.us-east-1",coral reef,SRX3196346,Australia,Oceania,Australia: Townsville,NA,Illumina MiSeq,bacterial community,B6,PAIRED,PCR,GENOMIC,Cliona orientalis,ILLUMINA,2018-02-03T00:00:00Z,Cliona orientalis microbiome 23-32C,Tissue sample,B,SRP117965,31,sponge,Elevated
SRR6049269,AMPLICON,585,14085927,PRJNA407695,SAMN07661222,Invertebrate,7331629,JAMES COOK UNIVERSITY,2015,public,"fastq,sra","gs,ncbi,s3","gs.US,ncbi.public,s3.us-east-1",coral reef,SRX3196345,Australia,Oceania,Australia: Townsville,NA,Illumina MiSeq,bacterial community,B13,PAIRED,PCR,GENOMIC,Cliona orientalis,ILLUMINA,2018-02-03T00:00:00Z,Cliona orientalis microbiome 23-32C,Tissue sample,B,SRP117965,Recovery,sponge,Elevated
SRR6049270,AMPLICON,569,28080365,PRJNA407695,SAMN07661222,Invertebrate,14174454,JAMES COOK UNIVERSITY,2015,public,"fastq,sra","gs,ncbi,s3","gs.US,ncbi.public,s3.us-east-1",coral reef,SRX3196344,Australia,Oceania,Australia: Townsville,NA,Illumina MiSeq,bacterial community,B12,PAIRED,PCR,GENOMIC,Cliona orientalis,ILLUMINA,2018-02-03T00:00:00Z,Cliona orientalis microbiome 23-32C,Tissue sample,B,SRP117965,23,sponge,Elevated
SRR6049271,AMPLICON,548,15764840,PRJNA407695,SAMN07661222,Invertebrate,7974731,JAMES COOK UNIVERSITY,2015,public,"fastq,sra","gs,ncbi,s3","gs.US,ncbi.public,s3.us-east-1",coral reef,SRX3196343,Australia,Oceania,Australia: Townsville,NA,Illumina MiSeq,bacterial community,B16,PAIRED,PCR,GENOMIC,Cliona orientalis,ILLUMINA,2018-02-03T00:00:00Z,Cliona orientalis microbiome 23-32C,Tissue sample,B,SRP117965,32,sponge,Control
SRR6049272,AMPLICON,563,12454250,PRJNA407695,SAMN07661222,Invertebrate,6418380,JAMES COOK UNIVERSITY,2015,public,"fastq,sra","gs,ncbi,s3","gs.US,ncbi.public,s3.us-east-1",coral reef,SRX3196342,Australia,Oceania,Australia: Townsville,NA,Illumina MiSeq,bacterial community,B15,PAIRED,PCR,GENOMIC,Cliona orientalis,ILLUMINA,2018-02-03T00:00:00Z,Cliona orientalis microbiome 23-32C,Tissue sample,B,SRP117965,25,sponge,Elevated
SRR6049273,AMPLICON,558,3284897,PRJNA407695,SAMN07661222,Invertebrate,1742406,JAMES COOK UNIVERSITY,2015,public,"fastq,sra","gs,ncbi,s3","gs.US,ncbi.public,s3.us-east-1",coral reef,SRX3196341,Australia,Oceania,Australia: Townsville,NA,Illumina MiSeq,bacterial community,B18,PAIRED,PCR,GENOMIC,Cliona orientalis,ILLUMINA,2018-02-03T00:00:00Z,Cliona orientalis microbiome 23-32C,Tissue sample,B,SRP117965,29,sponge,Control
SRR6049274,AMPLICON,555,31021533,PRJNA407695,SAMN07661222,Invertebrate,15657573,JAMES COOK UNIVERSITY,2015,public,"fastq,sra","gs,ncbi,s3","gs.US,ncbi.public,s3.us-east-1",coral reef,SRX3196340,Australia,Oceania,Australia: Townsville,NA,Illumina MiSeq,bacterial community,B17,PAIRED,PCR,GENOMIC,Cliona orientalis,ILLUMINA,2018-02-03T00:00:00Z,Cliona orientalis microbiome 23-32C,Tissue sample,B,SRP117965,27,sponge,Elevated
SRR6049275,AMPLICON,584,10712163,PRJNA407695,SAMN07661222,Invertebrate,5661461,JAMES COOK UNIVERSITY,2015,public,"fastq,sra","gs,ncbi,s3","gs.US,ncbi.public,s3.us-east-1",coral reef,SRX3196339,Australia,Oceania,Australia: Townsville,NA,Illumina MiSeq,bacterial community,B21,PAIRED,PCR,GENOMIC,Cliona orientalis,ILLUMINA,2018-02-03T00:00:00Z,Cliona orientalis microbiome 23-32C,Tissue sample,B,SRP117965,Recovery,sponge,Control
SRR6049276,AMPLICON,551,10913815,PRJNA407695,SAMN07661222,Invertebrate,5607916,JAMES COOK UNIVERSITY,2015,public,"fastq,sra","gs,ncbi,s3","gs.US,ncbi.public,s3.us-east-1",coral reef,SRX3196338,Australia,Oceania,Australia: Townsville,NA,Illumina MiSeq,bacterial community,B20,PAIRED,PCR,GENOMIC,Cliona orientalis,ILLUMINA,2018-02-03T00:00:00Z,Cliona orientalis microbiome 23-32C,Tissue sample,B,SRP117965,30,sponge,Control
SRR6049277,AMPLICON,577,24261065,PRJNA407695,SAMN07661222,Invertebrate,12430073,JAMES COOK UNIVERSITY,2015,public,"fastq,sra","gs,ncbi,s3","gs.US,ncbi.public,s3.us-east-1",coral reef,SRX3196337,Australia,Oceania,Australia: Townsville,NA,Illumina MiSeq,bacterial community,M7,PAIRED,PCR,GENOMIC,Cliona orientalis,ILLUMINA,2018-02-03T00:00:00Z,Cliona orientalis microbiome 23-32C,Tissue sample,M,SRP117965,31,sponge,Control
SRR6049278,AMPLICON,540,35045084,PRJNA407695,SAMN07661222,Invertebrate,17373905,JAMES COOK UNIVERSITY,2015,public,"fastq,sra","gs,ncbi,s3","gs.US,ncbi.public,s3.us-east-1",coral reef,SRX3196336,Australia,Oceania,Australia: Townsville,NA,Illumina MiSeq,bacterial community,M8,PAIRED,PCR,GENOMIC,Cliona orientalis,ILLUMINA,2018-02-03T00:00:00Z,Cliona orientalis microbiome 23-32C,Tissue sample,M,SRP117965,29,sponge,Control
SRR6049279,AMPLICON,538,30200000,PRJNA407695,SAMN07661222,Invertebrate,14653433,JAMES COOK UNIVERSITY,2015,public,"fastq,sra","gs,ncbi,s3","gs.US,ncbi.public,s3.us-east-1",coral reef,SRX3196335,Australia,Oceania,Australia: Townsville,NA,Illumina MiSeq,bacterial community,M24,PAIRED,PCR,GENOMIC,Cliona orientalis,ILLUMINA,2018-02-03T00:00:00Z,Cliona orientalis microbiome 23-32C,Tissue sample,M,SRP117965,25,sponge,Elevated
SRR6049280,AMPLICON,585,6612773,PRJNA407695,SAMN07661222,Invertebrate,3539751,JAMES COOK UNIVERSITY,2015,public,"fastq,sra","gs,ncbi,s3","gs.US,ncbi.public,s3.us-east-1",coral reef,SRX3196334,Australia,Oceania,Australia: Townsville,NA,Illumina MiSeq,bacterial community,M3,PAIRED,PCR,GENOMIC,Cliona orientalis,ILLUMINA,2018-02-03T00:00:00Z,Cliona orientalis microbiome 23-32C,Tissue sample,M,SRP117965,Recovery,sponge,Elevated
SRR6049281,AMPLICON,585,2064021,PRJNA407695,SAMN07661222,Invertebrate,1151170,JAMES COOK UNIVERSITY,2015,public,"fastq,sra","gs,ncbi,s3","gs.US,ncbi.public,s3.us-east-1",coral reef,SRX3196333,Australia,Oceania,Australia: Townsville,NA,Illumina MiSeq,bacterial community,N11,PAIRED,PCR,GENOMIC,Cliona orientalis,ILLUMINA,2018-02-03T00:00:00Z,Cliona orientalis microbiome 23-32C,Tissue sample,N,SRP117965,Recovery,sponge,Elevated
SRR6049282,AMPLICON,538,23469919,PRJNA407695,SAMN07661222,Invertebrate,11646465,JAMES COOK UNIVERSITY,2015,public,"fastq,sra","gs,ncbi,s3","gs.US,ncbi.public,s3.us-east-1",coral reef,SRX3196332,Australia,Oceania,Australia: Townsville,NA,Illumina MiSeq,bacterial community,N13,PAIRED,PCR,GENOMIC,Cliona orientalis,ILLUMINA,2018-02-03T00:00:00Z,Cliona orientalis microbiome 23-32C,Tissue sample,N,SRP117965,30,sponge,Elevated
SRR6049283,AMPLICON,586,10998051,PRJNA407695,SAMN07661222,Invertebrate,5876887,JAMES COOK UNIVERSITY,2015,public,"fastq,sra","gs,ncbi,s3","gs.US,ncbi.public,s3.us-east-1",coral reef,SRX3196331,Australia,Oceania,Australia: Townsville,NA,Illumina MiSeq,bacterial community,N1,PAIRED,PCR,GENOMIC,Cliona orientalis,ILLUMINA,2018-02-03T00:00:00Z,Cliona orientalis microbiome 23-32C,Tissue sample,N,SRP117965,30,sponge,Control
SRR6049284,AMPLICON,547,19413490,PRJNA407695,SAMN07661222,Invertebrate,10142409,JAMES COOK UNIVERSITY,2015,public,"fastq,sra","gs,ncbi,s3","gs.US,ncbi.public,s3.us-east-1",coral reef,SRX3196330,Australia,Oceania,Australia: Townsville,NA,Illumina MiSeq,bacterial community,N10,PAIRED,PCR,GENOMIC,Cliona orientalis,ILLUMINA,2018-02-03T00:00:00Z,Cliona orientalis microbiome 23-32C,Tissue sample,N,SRP117965,31,sponge,Elevated
SRR6049285,AMPLICON,533,62523575,PRJNA407695,SAMN07661222,Invertebrate,30592917,JAMES COOK UNIVERSITY,2015,public,"fastq,sra","gs,ncbi,s3","gs.US,ncbi.public,s3.us-east-1",coral reef,SRX3196329,Australia,Oceania,Australia: Townsville,NA,Illumina MiSeq,bacterial community,N14,PAIRED,PCR,GENOMIC,Cliona orientalis,ILLUMINA,2018-02-03T00:00:00Z,Cliona orientalis microbiome 23-32C,Tissue sample,N,SRP117965,27,sponge,Control
SRR6049286,AMPLICON,528,11299410,PRJNA407695,SAMN07661222,Invertebrate,5560099,JAMES COOK UNIVERSITY,2015,public,"fastq,sra","gs,ncbi,s3","gs.US,ncbi.public,s3.us-east-1",coral reef,SRX3196328,Australia,Oceania,Australia: Townsville,NA,Illumina MiSeq,bacterial community,N16,PAIRED,PCR,GENOMIC,Cliona orientalis,ILLUMINA,2018-02-03T00:00:00Z,Cliona orientalis microbiome 23-32C,Tissue sample,N,SRP117965,29,sponge,Elevated
SRR6049287,AMPLICON,551,7123796,PRJNA407695,SAMN07661222,Invertebrate,4093547,JAMES COOK UNIVERSITY,2015,public,"fastq,sra","gs,ncbi,s3","gs.US,ncbi.public,s3.us-east-1",coral reef,SRX3196327,Australia,Oceania,Australia: Townsville,NA,Illumina MiSeq,bacterial community,M23,PAIRED,PCR,GENOMIC,Cliona orientalis,ILLUMINA,2018-02-03T00:00:00Z,Cliona orientalis microbiome 23-32C,Tissue sample,M,SRP117965,Recovery,sponge,Control
SRR6049288,AMPLICON,541,46875955,PRJNA407695,SAMN07661222,Invertebrate,23552485,JAMES COOK UNIVERSITY,2015,public,"fastq,sra","gs,ncbi,s3","gs.US,ncbi.public,s3.us-east-1",coral reef,SRX3196326,Australia,Oceania,Australia: Townsville,NA,Illumina MiSeq,bacterial community,M20,PAIRED,PCR,GENOMIC,Cliona orientalis,ILLUMINA,2018-02-03T00:00:00Z,Cliona orientalis microbiome 23-32C,Tissue sample,M,SRP117965,30,sponge,Elevated
SRR6049289,AMPLICON,580,14052926,PRJNA407695,SAMN07661222,Invertebrate,7448085,JAMES COOK UNIVERSITY,2015,public,"fastq,sra","gs,ncbi,s3","gs.US,ncbi.public,s3.us-east-1",coral reef,SRX3196325,Australia,Oceania,Australia: Townsville,NA,Illumina MiSeq,bacterial community,M2,PAIRED,PCR,GENOMIC,Cliona orientalis,ILLUMINA,2018-02-03T00:00:00Z,Cliona orientalis microbiome 23-32C,Tissue sample,M,SRP117965,32,sponge,Control
SRR6049290,AMPLICON,555,50716142,PRJNA407695,SAMN07661222,Invertebrate,25428022,JAMES COOK UNIVERSITY,2015,public,"fastq,sra","gs,ncbi,s3","gs.US,ncbi.public,s3.us-east-1",coral reef,SRX3196324,Australia,Oceania,Australia: Townsville,NA,Illumina MiSeq,bacterial community,M19,PAIRED,PCR,GENOMIC,Cliona orientalis,ILLUMINA,2018-02-03T00:00:00Z,Cliona orientalis microbiome 23-32C,Tissue sample,M,SRP117965,25,sponge,Control
SRR6049291,AMPLICON,547,61755696,PRJNA407695,SAMN07661222,Invertebrate,31727846,JAMES COOK UNIVERSITY,2015,public,"fastq,sra","gs,ncbi,s3","gs.US,ncbi.public,s3.us-east-1",coral reef,SRX3196323,Australia,Oceania,Australia: Townsville,NA,Illumina MiSeq,bacterial community,M18,PAIRED,PCR,GENOMIC,Cliona orientalis,ILLUMINA,2018-02-03T00:00:00Z,Cliona orientalis microbiome 23-32C,Tissue sample,M,SRP117965,27,sponge,Elevated
SRR6049292,AMPLICON,586,12807682,PRJNA407695,SAMN07661222,Invertebrate,6787661,JAMES COOK UNIVERSITY,2015,public,"fastq,sra","gs,ncbi,s3","gs.US,ncbi.public,s3.us-east-1",coral reef,SRX3196322,Australia,Oceania,Australia: Townsville,NA,Illumina MiSeq,bacterial community,M16,PAIRED,PCR,GENOMIC,Cliona orientalis,ILLUMINA,2018-02-03T00:00:00Z,Cliona orientalis microbiome 23-32C,Tissue sample,M,SRP117965,32,sponge,Elevated
SRR6049293,AMPLICON,558,28462767,PRJNA407695,SAMN07661222,Invertebrate,14512647,JAMES COOK UNIVERSITY,2015,public,"fastq,sra","gs,ncbi,s3","gs.US,ncbi.public,s3.us-east-1",coral reef,SRX3196321,Australia,Oceania,Australia: Townsville,NA,Illumina MiSeq,bacterial community,M14,PAIRED,PCR,GENOMIC,Cliona orientalis,ILLUMINA,2018-02-03T00:00:00Z,Cliona orientalis microbiome 23-32C,Tissue sample,M,SRP117965,31,sponge,Elevated
SRR6049294,AMPLICON,544,50721074,PRJNA407695,SAMN07661222,Invertebrate,24854199,JAMES COOK UNIVERSITY,2015,public,"fastq,sra","gs,ncbi,s3","gs.US,ncbi.public,s3.us-east-1",coral reef,SRX3196320,Australia,Oceania,Australia: Townsville,NA,Illumina MiSeq,bacterial community,M13,PAIRED,PCR,GENOMIC,Cliona orientalis,ILLUMINA,2018-02-03T00:00:00Z,Cliona orientalis microbiome 23-32C,Tissue sample,M,SRP117965,25,sponge,Elevated
SRR6049295,AMPLICON,544,32161188,PRJNA407695,SAMN07661222,Invertebrate,16047028,JAMES COOK UNIVERSITY,2015,public,"fastq,sra","gs,ncbi,s3","gs.US,ncbi.public,s3.us-east-1",coral reef,SRX3196319,Australia,Oceania,Australia: Townsville,NA,Illumina MiSeq,bacterial community,M12,PAIRED,PCR,GENOMIC,Cliona orientalis,ILLUMINA,2018-02-03T00:00:00Z,Cliona orientalis microbiome 23-32C,Tissue sample,M,SRP117965,23,sponge,Elevated
SRR6049296,AMPLICON,555,31684997,PRJNA407695,SAMN07661222,Invertebrate,16358735,JAMES COOK UNIVERSITY,2015,public,"fastq,sra","gs,ncbi,s3","gs.US,ncbi.public,s3.us-east-1",coral reef,SRX3196318,Australia,Oceania,Australia: Townsville,NA,Illumina MiSeq,bacterial community,M10,PAIRED,PCR,GENOMIC,Cliona orientalis,ILLUMINA,2018-02-03T00:00:00Z,Cliona orientalis microbiome 23-32C,Tissue sample,M,SRP117965,30,sponge,Control
SRR6049297,AMPLICON,546,17532402,PRJNA407695,SAMN07661222,Invertebrate,8858081,JAMES COOK UNIVERSITY,2015,public,"fastq,sra","gs,ncbi,s3","gs.US,ncbi.public,s3.us-east-1",coral reef,SRX3196317,Australia,Oceania,Australia: Townsville,NA,Illumina MiSeq,bacterial community,B10,PAIRED,PCR,GENOMIC,Cliona orientalis,ILLUMINA,2018-02-03T00:00:00Z,Cliona orientalis microbiome 23-32C,Tissue sample,B,SRP117965,32,sponge,Elevated
SRR6049298,AMPLICON,551,13628477,PRJNA407695,SAMN07661222,Invertebrate,6963592,JAMES COOK UNIVERSITY,2015,public,"fastq,sra","gs,ncbi,s3","gs.US,ncbi.public,s3.us-east-1",coral reef,SRX3196316,Australia,Oceania,Australia: Townsville,NA,Illumina MiSeq,bacterial community,B1,PAIRED,PCR,GENOMIC,Cliona orientalis,ILLUMINA,2018-02-03T00:00:00Z,Cliona orientalis microbiome 23-32C,Tissue sample,B,SRP117965,31,sponge,Control
SRR6049299,AMPLICON,544,22511094,PRJNA407695,SAMN07661222,Invertebrate,11188634,JAMES COOK UNIVERSITY,2015,public,"fastq,sra","gs,ncbi,s3","gs.US,ncbi.public,s3.us-east-1",coral reef,SRX3196315,Australia,Oceania,Australia: Townsville,NA,Illumina MiSeq,bacterial community,A4,PAIRED,PCR,GENOMIC,Cliona orientalis,ILLUMINA,2018-02-03T00:00:00Z,Cliona orientalis microbiome 23-32C,Tissue sample,A,SRP117965,29,sponge,Elevated
SRR6049300,AMPLICON,563,17108332,PRJNA407695,SAMN07661222,Invertebrate,8930947,JAMES COOK UNIVERSITY,2015,public,"fastq,sra","gs,ncbi,s3","gs.US,ncbi.public,s3.us-east-1",coral reef,SRX3196314,Australia,Oceania,Australia: Townsville,NA,Illumina MiSeq,bacterial community,A3,PAIRED,PCR,GENOMIC,Cliona orientalis,ILLUMINA,2018-02-03T00:00:00Z,Cliona orientalis microbiome 23-32C,Tissue sample,A,SRP117965,31,sponge,Elevated
SRR6049301,AMPLICON,543,12154560,PRJNA407695,SAMN07661222,Invertebrate,6138271,JAMES COOK UNIVERSITY,2015,public,"fastq,sra","gs,ncbi,s3","gs.US,ncbi.public,s3.us-east-1",coral reef,SRX3196313,Australia,Oceania,Australia: Townsville,NA,Illumina MiSeq,bacterial community,A2,PAIRED,PCR,GENOMIC,Cliona orientalis,ILLUMINA,2018-02-03T00:00:00Z,Cliona orientalis microbiome 23-32C,Tissue sample,A,SRP117965,27,sponge,Control
SRR6049302,AMPLICON,553,8885027,PRJNA407695,SAMN07661222,Invertebrate,4532883,JAMES COOK UNIVERSITY,2015,public,"fastq,sra","gs,ncbi,s3","gs.US,ncbi.public,s3.us-east-1",coral reef,SRX3196312,Australia,Oceania,Australia: Townsville,NA,Illumina MiSeq,bacterial community,A1,PAIRED,PCR,GENOMIC,Cliona orientalis,ILLUMINA,2018-02-03T00:00:00Z,Cliona orientalis microbiome 23-32C,Tissue sample,A,SRP117965,31,sponge,Control
SRR6049303,AMPLICON,571,13302908,PRJNA407695,SAMN07661222,Invertebrate,7048123,JAMES COOK UNIVERSITY,2015,public,"fastq,sra","gs,ncbi,s3","gs.US,ncbi.public,s3.us-east-1",coral reef,SRX3196311,Australia,Oceania,Australia: Townsville,NA,Illumina MiSeq,bacterial community,A9,PAIRED,PCR,GENOMIC,Cliona orientalis,ILLUMINA,2018-02-03T00:00:00Z,Cliona orientalis microbiome 23-32C,Tissue sample,A,SRP117965,32,sponge,Elevated
SRR6049304,AMPLICON,579,8689,PRJNA407695,SAMN07661222,Invertebrate,87342,JAMES COOK UNIVERSITY,2015,public,"fastq,sra","gs,ncbi,s3","gs.US,ncbi.public,s3.us-east-1",coral reef,SRX3196310,Australia,Oceania,Australia: Townsville,NA,Illumina MiSeq,bacterial community,A8,PAIRED,PCR,GENOMIC,Cliona orientalis,ILLUMINA,2018-02-03T00:00:00Z,Cliona orientalis microbiome 23-32C,Tissue sample,A,SRP117965,27,sponge,Elevated
SRR6049305,AMPLICON,577,17039250,PRJNA407695,SAMN07661222,Invertebrate,8768658,JAMES COOK UNIVERSITY,2015,public,"fastq,sra","gs,ncbi,s3","gs.US,ncbi.public,s3.us-east-1",coral reef,SRX3196309,Australia,Oceania,Australia: Townsville,NA,Illumina MiSeq,bacterial community,A7,PAIRED,PCR,GENOMIC,Cliona orientalis,ILLUMINA,2018-02-03T00:00:00Z,Cliona orientalis microbiome 23-32C,Tissue sample,A,SRP117965,29,sponge,Control
SRR6049306,AMPLICON,556,22652586,PRJNA407695,SAMN07661222,Invertebrate,11353328,JAMES COOK UNIVERSITY,2015,public,"fastq,sra","gs,ncbi,s3","gs.US,ncbi.public,s3.us-east-1",coral reef,SRX3196308,Australia,Oceania,Australia: Townsville,NA,Illumina MiSeq,bacterial community,A6,PAIRED,PCR,GENOMIC,Cliona orientalis,ILLUMINA,2018-02-03T00:00:00Z,Cliona orientalis microbiome 23-32C,Tissue sample,A,SRP117965,23,sponge,Elevated
SRR6049307,AMPLICON,567,60444507,PRJNA407695,SAMN07661222,Invertebrate,30483148,JAMES COOK UNIVERSITY,2015,public,"fastq,sra","gs,ncbi,s3","gs.US,ncbi.public,s3.us-east-1",coral reef,SRX3196307,Australia,Oceania,Australia: Townsville,NA,Illumina MiSeq,bacterial community,L9,PAIRED,PCR,GENOMIC,Cliona orientalis,ILLUMINA,2018-02-03T00:00:00Z,Cliona orientalis microbiome 23-32C,Tissue sample,L,SRP117965,23,sponge,Control
SRR6049308,AMPLICON,547,39836474,PRJNA407695,SAMN07661222,Invertebrate,20207520,JAMES COOK UNIVERSITY,2015,public,"fastq,sra","gs,ncbi,s3","gs.US,ncbi.public,s3.us-east-1",coral reef,SRX3196306,Australia,Oceania,Australia: Townsville,NA,Illumina MiSeq,bacterial community,M1,PAIRED,PCR,GENOMIC,Cliona orientalis,ILLUMINA,2018-02-03T00:00:00Z,Cliona orientalis microbiome 23-32C,Tissue sample,M,SRP117965,29,sponge,Elevated
SRR6049309,AMPLICON,567,2813218,PRJNA407695,SAMN07661222,Invertebrate,1495002,JAMES COOK UNIVERSITY,2015,public,"fastq,sra","gs,ncbi,s3","gs.US,ncbi.public,s3.us-east-1",coral reef,SRX3196305,Australia,Oceania,Australia: Townsville,NA,Illumina MiSeq,bacterial community,K8,PAIRED,PCR,GENOMIC,Cliona orientalis,ILLUMINA,2018-02-03T00:00:00Z,Cliona orientalis microbiome 23-32C,Tissue sample,K,SRP117965,25,sponge,Control
SRR6049310,AMPLICON,585,13896561,PRJNA407695,SAMN07661222,Invertebrate,8561380,JAMES COOK UNIVERSITY,2015,public,"fastq,sra","gs,ncbi,s3","gs.US,ncbi.public,s3.us-east-1",coral reef,SRX3196304,Australia,Oceania,Australia: Townsville,NA,Illumina MiSeq,bacterial community,K9,PAIRED,PCR,GENOMIC,Cliona orientalis,ILLUMINA,2018-02-03T00:00:00Z,Cliona orientalis microbiome 23-32C,Tissue sample,K,SRP117965,27,sponge,Elevated
SRR6049311,AMPLICON,559,18733351,PRJNA407695,SAMN07661222,Invertebrate,9565357,JAMES COOK UNIVERSITY,2015,public,"fastq,sra","gs,ncbi,s3","gs.US,ncbi.public,s3.us-east-1",coral reef,SRX3196303,Australia,Oceania,Australia: Townsville,NA,Illumina MiSeq,bacterial community,L1,PAIRED,PCR,GENOMIC,Cliona orientalis,ILLUMINA,2018-02-03T00:00:00Z,Cliona orientalis microbiome 23-32C,Tissue sample,L,SRP117965,31,sponge,Control
SRR6049312,AMPLICON,585,10222700,PRJNA407695,SAMN07661222,Invertebrate,5315031,JAMES COOK UNIVERSITY,2015,public,"fastq,sra","gs,ncbi,s3","gs.US,ncbi.public,s3.us-east-1",coral reef,SRX3196302,Australia,Oceania,Australia: Townsville,NA,Illumina MiSeq,bacterial community,L2,PAIRED,PCR,GENOMIC,Cliona orientalis,ILLUMINA,2018-02-03T00:00:00Z,Cliona orientalis microbiome 23-32C,Tissue sample,L,SRP117965,32,sponge,Control
SRR6049313,AMPLICON,583,5127969,PRJNA407695,SAMN07661222,Invertebrate,2757368,JAMES COOK UNIVERSITY,2015,public,"fastq,sra","gs,ncbi,s3","gs.US,ncbi.public,s3.us-east-1",coral reef,SRX3196301,Australia,Oceania,Australia: Townsville,NA,Illumina MiSeq,bacterial community,L3,PAIRED,PCR,GENOMIC,Cliona orientalis,ILLUMINA,2018-02-03T00:00:00Z,Cliona orientalis microbiome 23-32C,Tissue sample,L,SRP117965,Recovery,sponge,Elevated
SRR6049314,AMPLICON,558,16270418,PRJNA407695,SAMN07661222,Invertebrate,8281674,JAMES COOK UNIVERSITY,2015,public,"fastq,sra","gs,ncbi,s3","gs.US,ncbi.public,s3.us-east-1",coral reef,SRX3196300,Australia,Oceania,Australia: Townsville,NA,Illumina MiSeq,bacterial community,L4,PAIRED,PCR,GENOMIC,Cliona orientalis,ILLUMINA,2018-02-03T00:00:00Z,Cliona orientalis microbiome 23-32C,Tissue sample,L,SRP117965,31,sponge,Elevated
SRR6049315,AMPLICON,545,15733847,PRJNA407695,SAMN07661222,Invertebrate,7806589,JAMES COOK UNIVERSITY,2015,public,"fastq,sra","gs,ncbi,s3","gs.US,ncbi.public,s3.us-east-1",coral reef,SRX3196299,Australia,Oceania,Australia: Townsville,NA,Illumina MiSeq,bacterial community,L5,PAIRED,PCR,GENOMIC,Cliona orientalis,ILLUMINA,2018-02-03T00:00:00Z,Cliona orientalis microbiome 23-32C,Tissue sample,L,SRP117965,32,sponge,Elevated
SRR6049316,AMPLICON,555,58914307,PRJNA407695,SAMN07661222,Invertebrate,29213594,JAMES COOK UNIVERSITY,2015,public,"fastq,sra","gs,ncbi,s3","gs.US,ncbi.public,s3.us-east-1",coral reef,SRX3196298,Australia,Oceania,Australia: Townsville,NA,Illumina MiSeq,bacterial community,L7,PAIRED,PCR,GENOMIC,Cliona orientalis,ILLUMINA,2018-02-03T00:00:00Z,Cliona orientalis microbiome 23-32C,Tissue sample,L,SRP117965,29,sponge,Elevated
SRR6049317,AMPLICON,535,64573561,PRJNA407695,SAMN07661222,Invertebrate,31503023,JAMES COOK UNIVERSITY,2015,public,"fastq,sra","gs,ncbi,s3","gs.US,ncbi.public,s3.us-east-1",coral reef,SRX3196297,Australia,Oceania,Australia: Townsville,NA,Illumina MiSeq,bacterial community,K2,PAIRED,PCR,GENOMIC,Cliona orientalis,ILLUMINA,2018-02-03T00:00:00Z,Cliona orientalis microbiome 23-32C,Tissue sample,K,SRP117965,23,sponge,Elevated
SRR6049318,AMPLICON,550,17528181,PRJNA407695,SAMN07661222,Invertebrate,9351171,JAMES COOK UNIVERSITY,2015,public,"fastq,sra","gs,ncbi,s3","gs.US,ncbi.public,s3.us-east-1",coral reef,SRX3196296,Australia,Oceania,Australia: Townsville,NA,Illumina MiSeq,bacterial community,K11,PAIRED,PCR,GENOMIC,Cliona orientalis,ILLUMINA,2018-02-03T00:00:00Z,Cliona orientalis microbiome 23-32C,Tissue sample,K,SRP117965,31,sponge,Elevated
SRR6049319,AMPLICON,572,29445361,PRJNA407695,SAMN07661222,Invertebrate,14785635,JAMES COOK UNIVERSITY,2015,public,"fastq,sra","gs,ncbi,s3","gs.US,ncbi.public,s3.us-east-1",coral reef,SRX3196295,Australia,Oceania,Australia: Townsville,NA,Illumina MiSeq,bacterial community,K4,PAIRED,PCR,GENOMIC,Cliona orientalis,ILLUMINA,2018-02-03T00:00:00Z,Cliona orientalis microbiome 23-32C,Tissue sample,K,SRP117965,25,sponge,Elevated
SRR6049320,AMPLICON,580,8198607,PRJNA407695,SAMN07661222,Invertebrate,4356013,JAMES COOK UNIVERSITY,2015,public,"fastq,sra","gs,ncbi,s3","gs.US,ncbi.public,s3.us-east-1",coral reef,SRX3196294,Australia,Oceania,Australia: Townsville,NA,Illumina MiSeq,bacterial community,K3,PAIRED,PCR,GENOMIC,Cliona orientalis,ILLUMINA,2018-02-03T00:00:00Z,Cliona orientalis microbiome 23-32C,Tissue sample,K,SRP117965,Recovery,sponge,Elevated
SRR6049321,AMPLICON,581,2800385,PRJNA407695,SAMN07661222,Invertebrate,1541369,JAMES COOK UNIVERSITY,2015,public,"fastq,sra","gs,ncbi,s3","gs.US,ncbi.public,s3.us-east-1",coral reef,SRX3196293,Australia,Oceania,Australia: Townsville,NA,Illumina MiSeq,bacterial community,H9,PAIRED,PCR,GENOMIC,Cliona orientalis,ILLUMINA,2018-02-03T00:00:00Z,Cliona orientalis microbiome 23-32C,Tissue sample,H,SRP117965,Recovery,sponge,Control
SRR6049322,AMPLICON,582,13138886,PRJNA407695,SAMN07661222,Invertebrate,9670317,JAMES COOK UNIVERSITY,2015,public,"fastq,sra","gs,ncbi,s3","gs.US,ncbi.public,s3.us-east-1",coral reef,SRX3196292,Australia,Oceania,Australia: Townsville,NA,Illumina MiSeq,bacterial community,H8,PAIRED,PCR,GENOMIC,Cliona orientalis,ILLUMINA,2018-02-03T00:00:00Z,Cliona orientalis microbiome 23-32C,Tissue sample,H,SRP117965,30,sponge,Elevated
SRR6049323,AMPLICON,559,19178229,PRJNA407695,SAMN07661222,Invertebrate,9770140,JAMES COOK UNIVERSITY,2015,public,"fastq,sra","gs,ncbi,s3","gs.US,ncbi.public,s3.us-east-1",coral reef,SRX3196291,Australia,Oceania,Australia: Townsville,NA,Illumina MiSeq,bacterial community,K10,PAIRED,PCR,GENOMIC,Cliona orientalis,ILLUMINA,2018-02-03T00:00:00Z,Cliona orientalis microbiome 23-32C,Tissue sample,K,SRP117965,29,sponge,Elevated
SRR6049324,AMPLICON,584,13124745,PRJNA407695,SAMN07661222,Invertebrate,6909225,JAMES COOK UNIVERSITY,2015,public,"fastq,sra","gs,ncbi,s3","gs.US,ncbi.public,s3.us-east-1",coral reef,SRX3196290,Australia,Oceania,Australia: Townsville,NA,Illumina MiSeq,bacterial community,K1,PAIRED,PCR,GENOMIC,Cliona orientalis,ILLUMINA,2018-02-03T00:00:00Z,Cliona orientalis microbiome 23-32C,Tissue sample,K,SRP117965,32,sponge,Elevated
SRR6049325,AMPLICON,562,20308744,PRJNA407695,SAMN07661222,Invertebrate,10268989,JAMES COOK UNIVERSITY,2015,public,"fastq,sra","gs,ncbi,s3","gs.US,ncbi.public,s3.us-east-1",coral reef,SRX3196289,Australia,Oceania,Australia: Townsville,NA,Illumina MiSeq,bacterial community,K7,PAIRED,PCR,GENOMIC,Cliona orientalis,ILLUMINA,2018-02-03T00:00:00Z,Cliona orientalis microbiome 23-32C,Tissue sample,K,SRP117965,27,sponge,Control
SRR6049326,AMPLICON,576,14130314,PRJNA407695,SAMN07661222,Invertebrate,7269111,JAMES COOK UNIVERSITY,2015,public,"fastq,sra","gs,ncbi,s3","gs.US,ncbi.public,s3.us-east-1",coral reef,SRX3196288,Australia,Oceania,Australia: Townsville,NA,Illumina MiSeq,bacterial community,K6,PAIRED,PCR,GENOMIC,Cliona orientalis,ILLUMINA,2018-02-03T00:00:00Z,Cliona orientalis microbiome 23-32C,Tissue sample,K,SRP117965,32,sponge,Control
SRR6049327,AMPLICON,554,35466985,PRJNA407695,SAMN07661222,Invertebrate,18002044,JAMES COOK UNIVERSITY,2015,public,"fastq,sra","gs,ncbi,s3","gs.US,ncbi.public,s3.us-east-1",coral reef,SRX3196287,Australia,Oceania,Australia: Townsville,NA,Illumina MiSeq,bacterial community,H3,PAIRED,PCR,GENOMIC,Cliona orientalis,ILLUMINA,2018-02-03T00:00:00Z,Cliona orientalis microbiome 23-32C,Tissue sample,H,SRP117965,27,sponge,Control
SRR6049328,AMPLICON,585,4530358,PRJNA407695,SAMN07661222,Invertebrate,2446078,JAMES COOK UNIVERSITY,2015,public,"fastq,sra","gs,ncbi,s3","gs.US,ncbi.public,s3.us-east-1",coral reef,SRX3196286,Australia,Oceania,Australia: Townsville,NA,Illumina MiSeq,bacterial community,H5,PAIRED,PCR,GENOMIC,Cliona orientalis,ILLUMINA,2018-02-03T00:00:00Z,Cliona orientalis microbiome 23-32C,Tissue sample,H,SRP117965,Recovery,sponge,Elevated
SRR6049329,AMPLICON,529,15039925,PRJNA407695,SAMN07661222,Invertebrate,7382593,JAMES COOK UNIVERSITY,2015,public,"fastq,sra","gs,ncbi,s3","gs.US,ncbi.public,s3.us-east-1",coral reef,SRX3196285,Australia,Oceania,Australia: Townsville,NA,Illumina MiSeq,bacterial community,H16,PAIRED,PCR,GENOMIC,Cliona orientalis,ILLUMINA,2018-02-03T00:00:00Z,Cliona orientalis microbiome 23-32C,Tissue sample,H,SRP117965,32,sponge,Elevated
SRR6049330,AMPLICON,585,14109835,PRJNA407695,SAMN07661222,Invertebrate,7294499,JAMES COOK UNIVERSITY,2015,public,"fastq,sra","gs,ncbi,s3","gs.US,ncbi.public,s3.us-east-1",coral reef,SRX3196284,Australia,Oceania,Australia: Townsville,NA,Illumina MiSeq,bacterial community,H2,PAIRED,PCR,GENOMIC,Cliona orientalis,ILLUMINA,2018-02-03T00:00:00Z,Cliona orientalis microbiome 23-32C,Tissue sample,H,SRP117965,Recovery,sponge,Elevated
SRR6049331,AMPLICON,569,33024283,PRJNA407695,SAMN07661222,Invertebrate,16615325,JAMES COOK UNIVERSITY,2015,public,"fastq,sra","gs,ncbi,s3","gs.US,ncbi.public,s3.us-east-1",coral reef,SRX3196283,Australia,Oceania,Australia: Townsville,NA,Illumina MiSeq,bacterial community,H13,PAIRED,PCR,GENOMIC,Cliona orientalis,ILLUMINA,2018-02-03T00:00:00Z,Cliona orientalis microbiome 23-32C,Tissue sample,H,SRP117965,25,sponge,Elevated
SRR6049332,AMPLICON,557,33977655,PRJNA407695,SAMN07661222,Invertebrate,16750533,JAMES COOK UNIVERSITY,2015,public,"fastq,sra","gs,ncbi,s3","gs.US,ncbi.public,s3.us-east-1",coral reef,SRX3196282,Australia,Oceania,Australia: Townsville,NA,Illumina MiSeq,bacterial community,H15,PAIRED,PCR,GENOMIC,Cliona orientalis,ILLUMINA,2018-02-03T00:00:00Z,Cliona orientalis microbiome 23-32C,Tissue sample,H,SRP117965,23,sponge,Elevated
SRR6049333,AMPLICON,582,10884595,PRJNA407695,SAMN07661222,Invertebrate,5746342,JAMES COOK UNIVERSITY,2015,public,"fastq,sra","gs,ncbi,s3","gs.US,ncbi.public,s3.us-east-1",coral reef,SRX3196281,Australia,Oceania,Australia: Townsville,NA,Illumina MiSeq,bacterial community,H11,PAIRED,PCR,GENOMIC,Cliona orientalis,ILLUMINA,2018-02-03T00:00:00Z,Cliona orientalis microbiome 23-32C,Tissue sample,H,SRP117965,Recovery,sponge,Control
SRR6049334,AMPLICON,583,9851258,PRJNA407695,SAMN07661222,Invertebrate,5182851,JAMES COOK UNIVERSITY,2015,public,"fastq,sra","gs,ncbi,s3","gs.US,ncbi.public,s3.us-east-1",coral reef,SRX3196280,Australia,Oceania,Australia: Townsville,NA,Illumina MiSeq,bacterial community,H12,PAIRED,PCR,GENOMIC,Cliona orientalis,ILLUMINA,2018-02-03T00:00:00Z,Cliona orientalis microbiome 23-32C,Tissue sample,H,SRP117965,Recovery,sponge,Control
SRR6049335,AMPLICON,585,5455928,PRJNA407695,SAMN07661222,Invertebrate,3028035,JAMES COOK UNIVERSITY,2015,public,"fastq,sra","gs,ncbi,s3","gs.US,ncbi.public,s3.us-east-1",coral reef,SRX3196279,Australia,Oceania,Australia: Townsville,NA,Illumina MiSeq,bacterial community,H6,PAIRED,PCR,GENOMIC,Cliona orientalis,ILLUMINA,2018-02-03T00:00:00Z,Cliona orientalis microbiome 23-32C,Tissue sample,H,SRP117965,Recovery,sponge,Elevated
SRR6049336,AMPLICON,583,11316460,PRJNA407695,SAMN07661222,Invertebrate,5999357,JAMES COOK UNIVERSITY,2015,public,"fastq,sra","gs,ncbi,s3","gs.US,ncbi.public,s3.us-east-1",coral reef,SRX3196278,Australia,Oceania,Australia: Townsville,NA,Illumina MiSeq,bacterial community,H7,PAIRED,PCR,GENOMIC,Cliona orientalis,ILLUMINA,2018-02-03T00:00:00Z,Cliona orientalis microbiome 23-32C,Tissue sample,H,SRP117965,Recovery,sponge,Elevated
SRR6049337,AMPLICON,538,12712129,PRJNA407695,SAMN07661222,Invertebrate,6211270,JAMES COOK UNIVERSITY,2015,public,"fastq,sra","gs,ncbi,s3","gs.US,ncbi.public,s3.us-east-1",coral reef,SRX3196277,Australia,Oceania,Australia: Townsville,NA,Illumina MiSeq,bacterial community,E4,PAIRED,PCR,GENOMIC,Cliona orientalis,ILLUMINA,2018-02-03T00:00:00Z,Cliona orientalis microbiome 23-32C,Tissue sample,E,SRP117965,27,sponge,Control
SRR6049338,AMPLICON,537,14242827,PRJNA407695,SAMN07661222,Invertebrate,7151525,JAMES COOK UNIVERSITY,2015,public,"fastq,sra","gs,ncbi,s3","gs.US,ncbi.public,s3.us-east-1",coral reef,SRX3196276,Australia,Oceania,Australia: Townsville,NA,Illumina MiSeq,bacterial community,E3,PAIRED,PCR,GENOMIC,Cliona orientalis,ILLUMINA,2018-02-03T00:00:00Z,Cliona orientalis microbiome 23-32C,Tissue sample,E,SRP117965,32,sponge,Elevated
SRR6049339,AMPLICON,566,21869253,PRJNA407695,SAMN07661222,Invertebrate,11255638,JAMES COOK UNIVERSITY,2015,public,"fastq,sra","gs,ncbi,s3","gs.US,ncbi.public,s3.us-east-1",coral reef,SRX3196275,Australia,Oceania,Australia: Townsville,NA,Illumina MiSeq,bacterial community,E2,PAIRED,PCR,GENOMIC,Cliona orientalis,ILLUMINA,2018-02-03T00:00:00Z,Cliona orientalis microbiome 23-32C,Tissue sample,E,SRP117965,30,sponge,Control
SRR6049340,AMPLICON,585,11361187,PRJNA407695,SAMN07661222,Invertebrate,6019948,JAMES COOK UNIVERSITY,2015,public,"fastq,sra","gs,ncbi,s3","gs.US,ncbi.public,s3.us-east-1",coral reef,SRX3196274,Australia,Oceania,Australia: Townsville,NA,Illumina MiSeq,bacterial community,E1,PAIRED,PCR,GENOMIC,Cliona orientalis,ILLUMINA,2018-02-03T00:00:00Z,Cliona orientalis microbiome 23-32C,Tissue sample,E,SRP117965,Recovery,sponge,Elevated
SRR6049341,AMPLICON,581,15393458,PRJNA407695,SAMN07661222,Invertebrate,7936166,JAMES COOK UNIVERSITY,2015,public,"fastq,sra","gs,ncbi,s3","gs.US,ncbi.public,s3.us-east-1",coral reef,SRX3196273,Australia,Oceania,Australia: Townsville,NA,Illumina MiSeq,bacterial community,E8,PAIRED,PCR,GENOMIC,Cliona orientalis,ILLUMINA,2018-02-03T00:00:00Z,Cliona orientalis microbiome 23-32C,Tissue sample,E,SRP117965,30,sponge,Elevated
SRR6049342,AMPLICON,562,47567087,PRJNA407695,SAMN07661222,Invertebrate,23732983,JAMES COOK UNIVERSITY,2015,public,"fastq,sra","gs,ncbi,s3","gs.US,ncbi.public,s3.us-east-1",coral reef,SRX3196272,Australia,Oceania,Australia: Townsville,NA,Illumina MiSeq,bacterial community,E7,PAIRED,PCR,GENOMIC,Cliona orientalis,ILLUMINA,2018-02-03T00:00:00Z,Cliona orientalis microbiome 23-32C,Tissue sample,E,SRP117965,23,sponge,Elevated
SRR6049343,AMPLICON,543,16238236,PRJNA407695,SAMN07661222,Invertebrate,8091708,JAMES COOK UNIVERSITY,2015,public,"fastq,sra","gs,ncbi,s3","gs.US,ncbi.public,s3.us-east-1",coral reef,SRX3196271,Australia,Oceania,Australia: Townsville,NA,Illumina MiSeq,bacterial community,E6,PAIRED,PCR,GENOMIC,Cliona orientalis,ILLUMINA,2018-02-03T00:00:00Z,Cliona orientalis microbiome 23-32C,Tissue sample,E,SRP117965,29,sponge,Control
SRR6049344,AMPLICON,571,40182376,PRJNA407695,SAMN07661222,Invertebrate,20600376,JAMES COOK UNIVERSITY,2015,public,"fastq,sra","gs,ncbi,s3","gs.US,ncbi.public,s3.us-east-1",coral reef,SRX3196270,Australia,Oceania,Australia: Townsville,NA,Illumina MiSeq,bacterial community,E5,PAIRED,PCR,GENOMIC,Cliona orientalis,ILLUMINA,2018-02-03T00:00:00Z,Cliona orientalis microbiome 23-32C,Tissue sample,E,SRP117965,27,sponge,Elevated
SRR6049345,AMPLICON,585,12202537,PRJNA407695,SAMN07661222,Invertebrate,6444087,JAMES COOK UNIVERSITY,2015,public,"fastq,sra","gs,ncbi,s3","gs.US,ncbi.public,s3.us-east-1",coral reef,SRX3196269,Australia,Oceania,Australia: Townsville,NA,Illumina MiSeq,bacterial community,H10,PAIRED,PCR,GENOMIC,Cliona orientalis,ILLUMINA,2018-02-03T00:00:00Z,Cliona orientalis microbiome 23-32C,Tissue sample,H,SRP117965,Recovery,sponge,Elevated
SRR6049346,AMPLICON,540,24105979,PRJNA407695,SAMN07661222,Invertebrate,11945949,JAMES COOK UNIVERSITY,2015,public,"fastq,sra","gs,ncbi,s3","gs.US,ncbi.public,s3.us-east-1",coral reef,SRX3196268,Australia,Oceania,Australia: Townsville,NA,Illumina MiSeq,bacterial community,E9,PAIRED,PCR,GENOMIC,Cliona orientalis,ILLUMINA,2018-02-03T00:00:00Z,Cliona orientalis microbiome 23-32C,Tissue sample,E,SRP117965,29,sponge,Elevated
SRR6049347,AMPLICON,558,26874271,PRJNA407695,SAMN07661222,Invertebrate,13452866,JAMES COOK UNIVERSITY,2015,public,"fastq,sra","gs,ncbi,s3","gs.US,ncbi.public,s3.us-east-1",coral reef,SRX3196267,Australia,Oceania,Australia: Townsville,NA,Illumina MiSeq,bacterial community,C8,PAIRED,PCR,GENOMIC,Cliona orientalis,ILLUMINA,2018-02-03T00:00:00Z,Cliona orientalis microbiome 23-32C,Tissue sample,C,SRP117965,25,sponge,Elevated
SRR6049348,AMPLICON,557,14719597,PRJNA407695,SAMN07661222,Invertebrate,7567526,JAMES COOK UNIVERSITY,2015,public,"fastq,sra","gs,ncbi,s3","gs.US,ncbi.public,s3.us-east-1",coral reef,SRX3196266,Australia,Oceania,Australia: Townsville,NA,Illumina MiSeq,bacterial community,C9,PAIRED,PCR,GENOMIC,Cliona orientalis,ILLUMINA,2018-02-03T00:00:00Z,Cliona orientalis microbiome 23-32C,Tissue sample,C,SRP117965,29,sponge,Control
SRR6049349,AMPLICON,580,23547658,PRJNA407695,SAMN07661222,Invertebrate,12029226,JAMES COOK UNIVERSITY,2015,public,"fastq,sra","gs,ncbi,s3","gs.US,ncbi.public,s3.us-east-1",coral reef,SRX3196265,Australia,Oceania,Australia: Townsville,NA,Illumina MiSeq,bacterial community,C3,PAIRED,PCR,GENOMIC,Cliona orientalis,ILLUMINA,2018-02-03T00:00:00Z,Cliona orientalis microbiome 23-32C,Tissue sample,C,SRP117965,23,sponge,Elevated
SRR6049350,AMPLICON,579,21884114,PRJNA407695,SAMN07661222,Invertebrate,11511884,JAMES COOK UNIVERSITY,2015,public,"fastq,sra","gs,ncbi,s3","gs.US,ncbi.public,s3.us-east-1",coral reef,SRX3196264,Australia,Oceania,Australia: Townsville,NA,Illumina MiSeq,bacterial community,C4,PAIRED,PCR,GENOMIC,Cliona orientalis,ILLUMINA,2018-02-03T00:00:00Z,Cliona orientalis microbiome 23-32C,Tissue sample,C,SRP117965,30,sponge,Elevated
SRR6049351,AMPLICON,538,13562944,PRJNA407695,SAMN07661222,Invertebrate,6646740,JAMES COOK UNIVERSITY,2015,public,"fastq,sra","gs,ncbi,s3","gs.US,ncbi.public,s3.us-east-1",coral reef,SRX3196263,Australia,Oceania,Australia: Townsville,NA,Illumina MiSeq,bacterial community,C6,PAIRED,PCR,GENOMIC,Cliona orientalis,ILLUMINA,2018-02-03T00:00:00Z,Cliona orientalis microbiome 23-32C,Tissue sample,C,SRP117965,25,sponge,Control
SRR6049352,AMPLICON,581,11384617,PRJNA407695,SAMN07661222,Invertebrate,6053146,JAMES COOK UNIVERSITY,2015,public,"fastq,sra","gs,ncbi,s3","gs.US,ncbi.public,s3.us-east-1",coral reef,SRX3196262,Australia,Oceania,Australia: Townsville,NA,Illumina MiSeq,bacterial community,C7,PAIRED,PCR,GENOMIC,Cliona orientalis,ILLUMINA,2018-02-03T00:00:00Z,Cliona orientalis microbiome 23-32C,Tissue sample,C,SRP117965,Recovery,sponge,Control
SRR6049353,AMPLICON,538,15494219,PRJNA407695,SAMN07661222,Invertebrate,7773964,JAMES COOK UNIVERSITY,2015,public,"fastq,sra","gs,ncbi,s3","gs.US,ncbi.public,s3.us-east-1",coral reef,SRX3196261,Australia,Oceania,Australia: Townsville,NA,Illumina MiSeq,bacterial community,B8,PAIRED,PCR,GENOMIC,Cliona orientalis,ILLUMINA,2018-02-03T00:00:00Z,Cliona orientalis microbiome 23-32C,Tissue sample,B,SRP117965,30,sponge,Elevated
SRR6049354,AMPLICON,572,13866287,PRJNA407695,SAMN07661222,Invertebrate,7134603,JAMES COOK UNIVERSITY,2015,public,"fastq,sra","gs,ncbi,s3","gs.US,ncbi.public,s3.us-east-1",coral reef,SRX3196260,Australia,Oceania,Australia: Townsville,NA,Illumina MiSeq,bacterial community,B9.1,PAIRED,PCR,GENOMIC,Cliona orientalis,ILLUMINA,2018-02-03T00:00:00Z,Cliona orientalis microbiome 23-32C,Tissue sample,B,SRP117965,25,sponge,Control
SRR6049355,AMPLICON,546,13537390,PRJNA407695,SAMN07661222,Invertebrate,6826202,JAMES COOK UNIVERSITY,2015,public,"fastq,sra","gs,ncbi,s3","gs.US,ncbi.public,s3.us-east-1",coral reef,SRX3196259,Australia,Oceania,Australia: Townsville,NA,Illumina MiSeq,bacterial community,C1,PAIRED,PCR,GENOMIC,Cliona orientalis,ILLUMINA,2018-02-03T00:00:00Z,Cliona orientalis microbiome 23-32C,Tissue sample,C,SRP117965,30,sponge,Elevated
SRR6049356,AMPLICON,545,14012420,PRJNA407695,SAMN07661222,Invertebrate,6991499,JAMES COOK UNIVERSITY,2015,public,"fastq,sra","gs,ncbi,s3","gs.US,ncbi.public,s3.us-east-1",coral reef,SRX3196258,Australia,Oceania,Australia: Townsville,NA,Illumina MiSeq,bacterial community,C2,PAIRED,PCR,GENOMIC,Cliona orientalis,ILLUMINA,2018-02-03T00:00:00Z,Cliona orientalis microbiome 23-32C,Tissue sample,C,SRP117965,29,sponge,Elevated